independent,coef
NetIncomeContinuousOperations,1.0
NormalizedEBITDA,0.1702078245989536
TotalExpenses,0.0854851234884126
MarketCap,0.07739916615814511
InvestedCapital,0.07118058146437566
NetTangibleAssets,0.06581452653349223
GrossProfit,0.06566221092642652
DepreciationAmortizationDepletion,0.0652471568114202
TotalCapitalization,0.06262778484168495
NormalizedIncome,0.0
