,independent,coef
36,NetIncomeContinuousOperations,1.0
44,NormalizedEBITDA,0.1702078245989536
71,TotalExpenses,0.0854851234884126
33,MarketCap,0.07739916615814511
30,InvestedCapital,0.07118058146437566
42,NetTangibleAssets,0.06581452653349223
28,GrossProfit,0.06566221092642652
19,DepreciationAmortizationDepletion,0.0652471568114202
69,TotalCapitalization,0.06262778484168495
45,NormalizedIncome,0.0
